title,extract,url
Dr. No (film),"Dr. No is a 1962 British spy film directed by Terence Young. It is the first film in the James Bond series and stars Sean Connery as the fictional MI6 agent James Bond. Co-starring Ursula Andress, Joseph Wiseman and Jack Lord, it was adapted by Richard Maibaum, Johanna Harwood, and Berkely Mather from the 1958 novel by Ian Fleming. The film was produced by Harry Saltzman and Albert R. Broccoli of Eon Productions, a partnership that continued until 1975. In the film, James Bond is sent to Jamaica to investigate the disappearance of a fellow British agent. The trail leads him to the underground base of Dr. Julius No, who is plotting to disrupt an early American space launch from Cape Canaveral with a radio beam weapon.",https://en.wikipedia.org/wiki/Dr._No_(film)
From Russia with Love (film),"From Russia with Love is a 1963 spy film directed by Terence Young and the second in the James Bond series. It was produced by Eon Productions, starring Sean Connery as the fictional MI6 agent James Bond.",https://en.wikipedia.org/wiki/From_Russia_with_Love_(film)
Goldfinger (film),"Goldfinger is a 1964 spy film and the third installment in the James Bond series produced by Eon Productions, starring Sean Connery as the fictional MI6 agent James Bond. It is based on the 1959 novel of the same title by Ian Fleming. The film also stars Honor Blackman, Gert Fröbe and Shirley Eaton. Goldfinger was produced by Albert R. Broccoli and Harry Saltzman. The film was the first of four Bond films directed by Guy Hamilton.",https://en.wikipedia.org/wiki/Goldfinger_(film)
Thunderball (film),"Thunderball is a 1965 spy film and the fourth in the James Bond series produced by Eon Productions, starring Sean Connery as the fictional MI6 agent James Bond. It is an adaptation of the 1961 novel of the same name by Ian Fleming, which in turn was based on an original screenplay by Jack Whittingham devised from a story conceived by Kevin McClory, Whittingham, and Fleming. It was the third and final Bond film to be directed by Terence Young, with its screenplay by Richard Maibaum and John Hopkins.",https://en.wikipedia.org/wiki/Thunderball_(film)
You Only Live Twice (film),"You Only Live Twice is a 1967 spy film and the fifth in the James Bond series produced by Eon Productions, starring Sean Connery as the fictional MI6 agent James Bond. It is the first of three Bond films to be directed by Lewis Gilbert. The screenplay of You Only Live Twice was written by Roald Dahl, and loosely based on Ian Fleming's 1964 novel of the same name. It is the first James Bond film to discard most of Fleming's plot, using only a few characters and locations from the book as the background for an entirely new story.",https://en.wikipedia.org/wiki/You_Only_Live_Twice_(film)
On Her Majesty's Secret Service (film),"On Her Majesty's Secret Service is a 1969 spy film and the sixth in the James Bond series produced by Eon Productions. It is based on the 1963 novel by Ian Fleming. Following Sean Connery's decision to retire from the role after You Only Live Twice, Eon selected George Lazenby, a model with no prior acting credits, to play the part of James Bond. During filming, Lazenby announced that he would play the role of Bond only once. Connery returned to portray Bond in 1971's Diamonds Are Forever.",https://en.wikipedia.org/wiki/On_Her_Majesty's_Secret_Service_(film)
Diamonds Are Forever (film),"Diamonds Are Forever is a 1971 spy film and the seventh film in the James Bond series produced by Eon Productions. It is the sixth and final Eon film to star Sean Connery, who returned to the role as the fictional MI6 agent James Bond, having declined to reprise the role in On Her Majesty's Secret Service (1969).",https://en.wikipedia.org/wiki/Diamonds_Are_Forever_(film)
Live and Let Die (film),"Live and Let Die is a 1973 spy film, the eighth film in the James Bond series produced by Eon Productions, the first to star Roger Moore as the fictional MI6 agent James Bond, and the third in the series directed by Guy Hamilton. It was produced by Albert R. Broccoli and Harry Saltzman, while Tom Mankiewicz wrote the script.",https://en.wikipedia.org/wiki/Live_and_Let_Die_(film)
The Man with the Golden Gun (film),"The Man with the Golden Gun is a 1974 spy film, the ninth in the James Bond series produced by Eon Productions and the second to star Roger Moore as the fictional MI6 agent James Bond. A loose adaptation of Ian Fleming's posthumously published 1965 novel of the same name, the film has Bond sent after the Solex Agitator, a breakthrough technological solution to contemporary energy shortages, while in a game of cat and mouse facing the assassin Francisco Scaramanga, the ""Man with the Golden Gun"". The action culminates in a duel between them that settles the fate of the Solex.",https://en.wikipedia.org/wiki/The_Man_with_the_Golden_Gun_(film)
The Spy Who Loved Me (film),"The Spy Who Loved Me is a 1977 spy film, the tenth in the James Bond series produced by Eon Productions. It is the third to star Roger Moore as the fictional secret agent James Bond and the second to be directed by Lewis Gilbert. The film co-stars Barbara Bach and Curt Jurgens. The screenplay was by Christopher Wood and Richard Maibaum, with an uncredited rewrite by Tom Mankiewicz.",https://en.wikipedia.org/wiki/The_Spy_Who_Loved_Me_(film)
Moonraker (film),"Moonraker is a 1979 spy-fi film, the eleventh in the James Bond series produced by Eon Productions, and the fourth to star Roger Moore as the fictional MI6 agent James Bond. The third and final film in the series to be directed by Lewis Gilbert, it co-stars Lois Chiles, Michael Lonsdale, Corinne Cléry, and Richard Kiel. In the film, Bond investigates the vanishing of a Space Shuttle orbiter, leading him to Hugo Drax, the owner of the shuttle's manufacturing firm. Along with astronaut Dr. Holly Goodhead, Bond follows the mystery from California to Venice, Rio de Janeiro, the Amazon rainforest, and finally into outer space to prevent a plot to wipe out the world population and repopulate humanity with a master race.",https://en.wikipedia.org/wiki/Moonraker_(film)
For Your Eyes Only (film),"For Your Eyes Only is a 1981 spy film, the twelfth film in the James Bond franchise produced by Eon Productions, and the fifth to star Roger Moore as the fictional MI6 agent James Bond. The film also co-stars Carole Bouquet, Chaim Topol, Lynn-Holly Johnson and Julian Glover, and marked the feature directorial debut of John Glen, who had served as a film editor and second unit director on previous films in the series.",https://en.wikipedia.org/wiki/For_Your_Eyes_Only_(film)
Octopussy,"Octopussy is a 1983 spy film and the thirteenth in the James Bond series produced by Eon Productions. It is the sixth to star Roger Moore as the MI6 agent James Bond and the second to be directed by John Glen. The screenplay was written by George MacDonald Fraser, Richard Maibaum and Michael G. Wilson.",https://en.wikipedia.org/wiki/Octopussy
A View to a Kill,"A View to a Kill is a 1985 spy film, the fourteenth in the James Bond series produced by Eon Productions, and the seventh and final appearance of Roger Moore as the fictional MI6 agent James Bond. Although the title is adapted from Ian Fleming's 1960 short story ""From a View to a Kill"", the film has an entirely original screenplay. In A View to a Kill, Bond is pitted against Max Zorin, who plans to destroy California's Silicon Valley.",https://en.wikipedia.org/wiki/A_View_to_a_Kill
The Living Daylights,"The Living Daylights is a 1987 spy film, the fifteenth entry in the James Bond series produced by Eon Productions, and the first of two to star Timothy Dalton as the fictional MI6 agent James Bond.",https://en.wikipedia.org/wiki/The_Living_Daylights
Licence to Kill,"Licence to Kill is a 1989 spy film, the sixteenth in the James Bond series produced by Eon Productions, and the second and final film to star Timothy Dalton as the MI6 agent James Bond. In the film, Bond resigns from MI6 in order to take revenge against the drug lord Franz Sanchez who ordered an attack against Bond's friend and CIA agent Felix Leiter and the murder of Felix's wife after their wedding.",https://en.wikipedia.org/wiki/Licence_to_Kill
GoldenEye,"GoldenEye is a 1995 action spy film, the seventeenth in the James Bond series produced by Eon Productions, and the first to star Pierce Brosnan as the fictional MI6 agent James Bond. Directed by Martin Campbell, it was the first in the series not to use any story elements from the works of novelist Ian Fleming. GoldenEye was also the first James Bond film not produced by Albert R. Broccoli, following his stepping down from Eon Productions and replacement by his daughter, Barbara Broccoli. The story was conceived and written by Michael France, with later collaboration by other writers. In the film, Bond fights to prevent rogue ex-MI6 agent Alec Trevelyan from using a satellite weapon against London to cause a global financial collapse.",https://en.wikipedia.org/wiki/GoldenEye
Tomorrow Never Dies,"Tomorrow Never Dies is a 1997 action spy film, the eighteenth in the James Bond series produced by Eon Productions and the second to star Pierce Brosnan as fictional MI6 agent James Bond. Directed by Roger Spottiswoode from a screenplay by Bruce Feirstein, it follows Bond as he attempts to prevent Elliot Carver, a power-mad media mogul, from engineering world events to initiate World War III.",https://en.wikipedia.org/wiki/Tomorrow_Never_Dies
The World Is Not Enough,"The World Is Not Enough is a 1999 action - thriller spy film, the nineteenth in the James Bond series produced by Eon Productions and the third to star Pierce Brosnan as the fictional MI6 agent James Bond. It was directed by Michael Apted, from an original story and screenplay by Neal Purvis, Robert Wade, and Bruce Feirstein. It was produced by Michael G. Wilson and Barbara Broccoli. The title is the translation of the motto on the Bond family coat of arms, first seen in On Her Majesty's Secret Service.",https://en.wikipedia.org/wiki/The_World_Is_Not_Enough
Die Another Day,"Die Another Day is a 2002 action spy film and the twentieth film in the James Bond series produced by Eon Productions. It was directed by Lee Tamahori, produced by Michael G. Wilson and Barbara Broccoli, and written by Neal Purvis and Robert Wade. The fourth and final film starring Pierce Brosnan as the fictional MI6 agent James Bond, it was also the only film to feature John Cleese as Q, and the last with Samantha Bond as Miss Moneypenny. It is also the first film since Live and Let Die (1973) not to feature Desmond Llewelyn as Q as he died three years earlier. Halle Berry co-stars as Bond girl and NSA agent Jinx. In the film, Bond attempts to locate a traitor in British intelligence who betrayed him and a British billionaire who is later revealed to be connected to a North Korean operative who Bond seemingly killed. It is an original story, although it takes influence from Bond creator Ian Fleming's novels Moonraker (1955) and The Man with the Golden Gun (1965), as well as Kingsley Amis's novel, Colonel Sun. The title song was performed by Madonna.",https://en.wikipedia.org/wiki/Die_Another_Day
Casino Royale (2006 film),"Casino Royale is a 2006 spy thriller film, the twenty-first in the Eon Productions James Bond series, the third screen adaptation of Ian Fleming's 1953 novel of the same name, and the first to star Daniel Craig as the fictional MI6 agent James Bond.",https://en.wikipedia.org/wiki/Casino_Royale_(2006_film)
Quantum of Solace,"Quantum of Solace is a 2008 action spy film and the twenty-second in the James Bond series produced by Eon Productions. Directed by Marc Forster and written by Neal Purvis, Robert Wade, and Paul Haggis, it is the sequel to Casino Royale (2006), and stars Daniel Craig in his second appearance as the fictional MI6 agent James Bond.",https://en.wikipedia.org/wiki/Quantum_of_Solace
Skyfall,"Skyfall is a 2012 spy film and the twenty-third in the James Bond series produced by Eon Productions. The film is the third to star Daniel Craig as fictional MI6 agent James Bond and features Javier Bardem as Raoul Silva, the villain, with Judi Dench returning as M. The film was directed by Sam Mendes and written by Neal Purvis, Robert Wade, and John Logan. In the film, Bond investigates a series of targeted data leaks and co-ordinated attacks on MI6 led by Silva. It sees the return of two recurring characters, Miss Moneypenny and Q, after an absence of two films. Ralph Fiennes, Bérénice Marlohe, and Albert Finney are among the supporting cast.",https://en.wikipedia.org/wiki/Skyfall
Spectre (2015 film),"Spectre is a 2015 spy thriller film and the twenty-fourth in the James Bond series produced by Eon Productions. Directed by Sam Mendes and written by John Logan, Neal Purvis, Robert Wade, and Jez Butterworth from a story conceived by Logan, Purvis, and Wade, it is the fourth film to star Daniel Craig as the fictional MI6 agent James Bond.",https://en.wikipedia.org/wiki/Spectre_(2015_film)
No Time to Die,"No Time to Die is a 2021 spy thriller film and the twenty-fifth in the James Bond series, and is the fifth and final to star Daniel Craig as fictional British MI6 agent James Bond. The plot follows Bond, who has left active service with MI6, and is recruited by the CIA to find a kidnapped scientist, which leads to a showdown with a powerful and vengeful adversary armed with a technology capable of killing millions. It was directed by Cary Joji Fukunaga from a screenplay he co-wrote with Neal Purvis, Robert Wade and Phoebe Waller-Bridge, based on a story conceived by Purvis, Wade and Fukunaga. In addition to Craig, Léa Seydoux, Ben Whishaw, Naomie Harris, Jeffrey Wright, Christoph Waltz, Ralph Fiennes, and Rory Kinnear also reprise their roles from previous films, with Rami Malek, Lashana Lynch, Billy Magnussen, Ana de Armas, David Dencik, and Dali Benssalah appearing in new roles.",https://en.wikipedia.org/wiki/No_Time_to_Die
